{
  "model": "Qwen/Qwen2-0.5B",
  "mode": "C_prenorm",
  "n_samples": 16,
  "seq_len": 512,
  "n_layers": 24,
  "ppl_baseline_A": 21.06380817500356,
  "ppl_full": 1191.1332852812575,
  "single_layer_ppl": {
    "0": 332.98753295332,
    "1": 30.249450235040776,
    "2": 21.530707015981623,
    "3": 21.533819620426456,
    "4": 21.221069703514765,
    "5": 21.226819497004765,
    "6": 21.45231921417989,
    "7": 21.13479835790211,
    "8": 21.273540004887025,
    "9": 21.137405902977388,
    "10": 22.3332225213959,
    "11": 21.16367031506117,
    "12": 21.162412118462218,
    "13": 21.234384535015476,
    "14": 21.22631147511488,
    "15": 21.172408028760017,
    "16": 21.294205233916628,
    "17": 21.210271464680638,
    "18": 21.16863779404371,
    "19": 21.225899171839416,
    "20": 21.165682889993178,
    "21": 21.165494232589076,
    "22": 21.166328509210373,
    "23": 21.955250381220928
  },
  "loo_ppl": {
    "0": 67.60041274204369,
    "1": 619.8321986149012,
    "2": 1208.3690988214828,
    "3": 1199.6425931872395,
    "4": 1243.236552078445,
    "5": 1181.746192750132,
    "6": 1202.6435038266347,
    "7": 1231.3251419200408,
    "8": 1193.5666629206978,
    "9": 1208.4676807227509,
    "10": 1289.1726621293885,
    "11": 1181.3125159081017,
    "12": 1195.3611639131627,
    "13": 1221.3354937962595,
    "14": 1206.0796594401556,
    "15": 1203.1910665405185,
    "16": 1186.9584257934903,
    "17": 1198.782848602564,
    "18": 1200.2446988106772,
    "19": 1206.2521083092417,
    "20": 1194.55563766123,
    "21": 1179.245039692723,
    "22": 1190.4360008385825,
    "23": 919.925084691889
  },
  "single_layer_factor_vs_A": {
    "0": 15.80851525929089,
    "1": 1.4360864846337626,
    "2": 1.022165927314707,
    "3": 1.0223136975763318,
    "4": 1.0074659590138988,
    "5": 1.0077389292879457,
    "6": 1.018444482400736,
    "7": 1.003370244464284,
    "8": 1.0099569758773417,
    "9": 1.0034940371352776,
    "10": 1.0602651873700004,
    "11": 1.0047409347458887,
    "12": 1.004681202118792,
    "13": 1.00809807792564,
    "14": 1.0077148110522656,
    "15": 1.0051557559228692,
    "16": 1.01093805341365,
    "17": 1.0069533148260856,
    "18": 1.004976764798141,
    "19": 1.007695237038296,
    "20": 1.004836481330594,
    "21": 1.0048275248587852,
    "22": 1.0048671319713438,
    "23": 1.0423210370513742
  }
}