{
  "model": "Qwen/Qwen2-0.5B",
  "mode": "C_prenorm",
  "n_samples": 4,
  "seq_len": 512,
  "n_layers": 24,
  "ppl_baseline_A": 17.4641453741606,
  "ppl_full": 771.7766981469692,
  "single_layer_ppl": {
    "0": 193.51657773975492,
    "8": 17.599508058271844,
    "12": 17.520513329103064,
    "23": 18.198887011426034
  },
  "loo_ppl": {},
  "single_layer_factor_vs_A": {
    "0": 11.080792881286705,
    "8": 1.0077508908229498,
    "12": 1.0032276388987156,
    "23": 1.0420714338734567
  }
}