{
  "n_tiles": 2744,
  "d_fp16_clean_pct": 0.0,
  "d_fp16_lossy_pct": 0.21865889212827988,
  "decision_agree_pct": 99.78134110787173,
  "flipped_clean_fp16_to_lossy_int8": 0,
  "flipped_clean_int8_to_lossy_fp16": 6,
  "rmse_B": {
    "mean": 0.0012909191754355105,
    "median": 0.0002231009057140909,
    "p90": 0.0013793665682896976,
    "p99": 0.025140112284571112
  },
  "rmse_C": {
    "mean": 1.377156729950962,
    "median": 0.3632186949253082,
    "p90": 3.6053010702133204,
    "p99": 14.457797307968393
  },
  "rmse_D": {
    "mean": 1.3765389080449217,
    "median": 0.3640720695257187,
    "p90": 3.5994678974151655,
    "p99": 14.440372772217044
  },
  "rmse_E": {
    "mean": 1.37654624567211,
    "median": 0.3640720695257187,
    "p90": 3.5994678974151655,
    "p99": 14.440372772217044
  },
  "should_fp16_n": 0,
  "should_int8_n": 2744,
  "should_int8_rmse_C_median": 0.3632186949253082,
  "should_int8_rmse_D_median": 0.3640720695257187,
  "should_int8_fp16_helps_pct": 58.27259475218659,
  "per_layer": {
    "0": {
      "n": 392,
      "d_clean_fp16_pct": 0.0,
      "d_lossy_fp16_pct": 0.0,
      "rmse_B_median": 0.00010430651673232205,
      "rmse_C_median": 2.5669792890548706,
      "rmse_D_median": 2.57627010345459,
      "rmse_E_median": 2.57627010345459
    },
    "4": {
      "n": 392,
      "d_clean_fp16_pct": 0.0,
      "d_lossy_fp16_pct": 0.0,
      "rmse_B_median": 0.00024548180226702243,
      "rmse_C_median": 0.5175165235996246,
      "rmse_D_median": 0.5133322775363922,
      "rmse_E_median": 0.5133322775363922
    },
    "8": {
      "n": 392,
      "d_clean_fp16_pct": 0.0,
      "d_lossy_fp16_pct": 0.0,
      "rmse_B_median": 0.00015192970022326335,
      "rmse_C_median": 0.2693072557449341,
      "rmse_D_median": 0.26823265850543976,
      "rmse_E_median": 0.26823265850543976
    },
    "12": {
      "n": 392,
      "d_clean_fp16_pct": 0.0,
      "d_lossy_fp16_pct": 0.0,
      "rmse_B_median": 0.0002843137626769021,
      "rmse_C_median": 0.15742825716733932,
      "rmse_D_median": 0.15828881412744522,
      "rmse_E_median": 0.15828881412744522
    },
    "16": {
      "n": 392,
      "d_clean_fp16_pct": 0.0,
      "d_lossy_fp16_pct": 1.530612244897959,
      "rmse_B_median": 0.0003305370773887262,
      "rmse_C_median": 0.33445538580417633,
      "rmse_D_median": 0.3346550017595291,
      "rmse_E_median": 0.3346550017595291
    },
    "20": {
      "n": 392,
      "d_clean_fp16_pct": 0.0,
      "d_lossy_fp16_pct": 0.0,
      "rmse_B_median": 0.0004311741213314235,
      "rmse_C_median": 0.35275132954120636,
      "rmse_D_median": 0.35356074571609497,
      "rmse_E_median": 0.35356074571609497
    },
    "23": {
      "n": 392,
      "d_clean_fp16_pct": 0.0,
      "d_lossy_fp16_pct": 0.0,
      "rmse_B_median": 0.0004206139128655195,
      "rmse_C_median": 0.35208433866500854,
      "rmse_D_median": 0.3525383472442627,
      "rmse_E_median": 0.3525383472442627
    }
  },
  "model": "Qwen/Qwen2-0.5B",
  "seq_len": 512,
  "block": 64,
  "layers_used": [
    0,
    4,
    8,
    12,
    16,
    20,
    23
  ],
  "prompts_used": 1
}